{
  "incumbent_ids": [
    22,
    77,
    67,
    72,
    184,
    190,
    191,
    202
  ],
  "rejected_config_ids": [
    2,
    3,
    4,
    6,
    7,
    8,
    9,
    10,
    11,
    12,
    13,
    14,
    15,
    17,
    18,
    19,
    20,
    21,
    5,
    23,
    24,
    25,
    26,
    27,
    28,
    30,
    31,
    32,
    33,
    34,
    35,
    36,
    37,
    38,
    39,
    40,
    41,
    42,
    43,
    44,
    45,
    46,
    47,
    48,
    49,
    50,
    51,
    52,
    53,
    54,
    55,
    56,
    57,
    58,
    59,
    60,
    61,
    62,
    63,
    64,
    65,
    66,
    68,
    69,
    70,
    71,
    73,
    74,
    75,
    76,
    78,
    79,
    80,
    81,
    82,
    83,
    84,
    85,
    86,
    87,
    88,
    89,
    90,
    91,
    92,
    93,
    94,
    97,
    98,
    99,
    101,
    102,
    103,
    104,
    105,
    106,
    107,
    108,
    109,
    110,
    111,
    112,
    113,
    114,
    115,
    116,
    117,
    118,
    119,
    120,
    121,
    122,
    123,
    124,
    125,
    126,
    127,
    128,
    130,
    29,
    132,
    133,
    134,
    135,
    136,
    137,
    138,
    139,
    140,
    141,
    142,
    143,
    144,
    145,
    146,
    147,
    148,
    149,
    150,
    151,
    152,
    153,
    154,
    155,
    156,
    157,
    158,
    159,
    160,
    161,
    162,
    163,
    164,
    165,
    166,
    167,
    168,
    169,
    170,
    171,
    172,
    173,
    174,
    175,
    176,
    177,
    178,
    179,
    180,
    181,
    182,
    183,
    95,
    1,
    185,
    186,
    187,
    188,
    189,
    129,
    96,
    131,
    192,
    193,
    194,
    195,
    196,
    197,
    198,
    199,
    200,
    201,
    16,
    203
  ],
  "incumbents_changed": 17,
  "trajectory": [
    {
      "config_ids": [
        1
      ],
      "costs": [
        [
          0.012893274287655142,
          0.023727475305398305
        ]
      ],
      "trial": 1,
      "walltime": 206.47891545295715
    },
    {
      "config_ids": [
        1,
        5
      ],
      "costs": [
        [
          0.012893274287655142,
          0.023727475305398305
        ],
        [
          0.5075769998766877,
          0.0
        ]
      ],
      "trial": 5,
      "walltime": 1123.9287135601044
    },
    {
      "config_ids": [
        1,
        5,
        16
      ],
      "costs": [
        [
          0.012893274287655142,
          0.023727475305398305
        ],
        [
          0.5075769998766877,
          0.0
        ],
        [
          0.012685590417120075,
          0.023750956437804484
        ]
      ],
      "trial": 16,
      "walltime": 9986.917096853256
    },
    {
      "config_ids": [
        1,
        16,
        22
      ],
      "costs": [
        [
          0.012893274287655142,
          0.023727475305398305
        ],
        [
          0.012685590417120075,
          0.023750956437804484
        ],
        [
          0.4506123429120308,
          0.0
        ]
      ],
      "trial": 22,
      "walltime": 20116.016127109528
    },
    {
      "config_ids": [
        1,
        16,
        22,
        29
      ],
      "costs": [
        [
          0.012893274287655142,
          0.023727475305398305
        ],
        [
          0.012685590417120075,
          0.023750956437804484
        ],
        [
          0.4506123429120308,
          0.0
        ],
        [
          0.012685157742389786,
          0.024479106420820407
        ]
      ],
      "trial": 29,
      "walltime": 23580.129938840866
    },
    {
      "config_ids": [
        1,
        16,
        22,
        29,
        67
      ],
      "costs": [
        [
          0.012893274287655142,
          0.023727475305398305
        ],
        [
          0.012685590417120075,
          0.023750956437804484
        ],
        [
          0.4506123429120308,
          0.0
        ],
        [
          0.012685157742389786,
          0.024479106420820407
        ],
        [
          0.41539175451766497,
          0.006320840716362
        ]
      ],
      "trial": 67,
      "walltime": 55436.08018064499
    },
    {
      "config_ids": [
        1,
        16,
        22,
        29,
        67,
        72
      ],
      "costs": [
        [
          0.012893274287655142,
          0.023727475305398305
        ],
        [
          0.012685590417120075,
          0.023750956437804484
        ],
        [
          0.4506123429120308,
          0.0
        ],
        [
          0.012685157742389786,
          0.024479106420820407
        ],
        [
          0.41539175451766497,
          0.006320840716362
        ],
        [
          0.3917992994996117,
          0.013370919227600097
        ]
      ],
      "trial": 72,
      "walltime": 56862.067531108856
    },
    {
      "config_ids": [
        1,
        16,
        22,
        29,
        67,
        72,
        77
      ],
      "costs": [
        [
          0.012893274287655142,
          0.023727475305398305
        ],
        [
          0.012685590417120075,
          0.023750956437804484
        ],
        [
          0.4506123429120308,
          0.0
        ],
        [
          0.012685157742389786,
          0.024479106420820407
        ],
        [
          0.41539175451766497,
          0.006320840716362
        ],
        [
          0.3917992994996117,
          0.013370919227600097
        ],
        [
          0.2881585579816589,
          0.014602524042129517
        ]
      ],
      "trial": 77,
      "walltime": 58004.30511546135
    },
    {
      "config_ids": [
        1,
        16,
        22,
        29,
        67,
        72,
        77,
        95
      ],
      "costs": [
        [
          0.012893274287655142,
          0.023727475305398305
        ],
        [
          0.012685590417120075,
          0.023750956437804484
        ],
        [
          0.4506123429120308,
          0.0
        ],
        [
          0.012685157742389786,
          0.024479106420820407
        ],
        [
          0.41539175451766497,
          0.006320840716362
        ],
        [
          0.3917992994996117,
          0.013370919227600097
        ],
        [
          0.2881585579816589,
          0.014602524042129517
        ],
        [
          0.01351697491135575,
          0.023414370038292626
        ]
      ],
      "trial": 95,
      "walltime": 76493.89745211601
    },
    {
      "config_ids": [
        1,
        16,
        22,
        29,
        67,
        72,
        77,
        95,
        96
      ],
      "costs": [
        [
          0.012893274287655142,
          0.023727475305398305
        ],
        [
          0.012685590417120075,
          0.023750956437804484
        ],
        [
          0.4506123429120308,
          0.0
        ],
        [
          0.012685157742389786,
          0.024479106420820407
        ],
        [
          0.41539175451766497,
          0.006320840716362
        ],
        [
          0.3917992994996117,
          0.013370919227600097
        ],
        [
          0.2881585579816589,
          0.014602524042129517
        ],
        [
          0.01351697491135575,
          0.023414370038292626
        ],
        [
          0.012685590417120052,
          0.024282742151708316
        ]
      ],
      "trial": 96,
      "walltime": 77077.00343298912
    },
    {
      "config_ids": [
        1,
        16,
        22,
        29,
        67,
        72,
        77,
        95,
        96,
        100
      ],