{
  "stats": {
    "submitted": 30,
    "finished": 30,
    "running": 0
  },
  "data": [
    [
      1,
      null,
      209652396,
      null,
      [
        0.17462604086855588,
        0.2072522211074829
      ],
      46074.96849822998,
      1,
      1746622298.32637,
      1746668373.2972848,
      {}
    ],
    [
      2,
      null,
      209652396,
      null,
      [
        0.1553390855786065,
        0.1385403871536255
      ],
      3508.409429550171,
      1,
      1746668373.319211,
      1746671881.7310789,
      {}
    ],
    [
      3,
      null,
      209652396,
      null,
      [
        0.16166591406112366,
        0.15820939540863038
      ],
      7822.523444652557,
      1,
      1746671881.7402844,
      1746679704.2657075,
      {}
    ],
    [
      4,
      null,
      209652396,
      null,
      [
        0.1600998249201842,
        0.18548933744430543
      ],
      71204.08606314659,
      1,
      1746679704.2728248,
      1746750908.360943,
      {}
    ],
    [
      5,
      null,
      209652396,
      null,
      [
        0.3423451528241948,
        0.0
      ],
      1123.1182572841644,
      1,
      1746750908.3674917,
      1746752031.4879205,
      {}
    ],
    [
      6,
      null,
      209652396,
      null,
      [
        0.1698657023507323,
        0.133412047624588
      ],
      1403.2452917099,
      1,
      1746752032.385305,
      1746753435.6326034,
      {}
    ],
    [
      7,
      null,
      209652396,
      null,
      [
        0.1851295471804454,
        0.14110421657562255
      ],
      934.6387786865234,
      1,
      1746753435.6415172,
      1746754370.2823293,
      {}
    ],
    [
      8,
      null,
      209652396,
      null,
      [
        0.16307847355751545,
        0.1538331913948059
      ],
      943.2053864002228,
      1,
      1746754370.3205693,
      1746755313.5288455,
      {}
    ],
    [
      9,
      null,
      209652396,
      null,
      [
        0.16209567257471447,
        0.168438355922699
      ],
      1310.6013264656067,
      1,
      1746755313.5532207,
      1746756624.157748,
      {}
    ],
    [
      10,
      null,
      209652396,
      null,
      [
        0.18236547128762698,
        0.14780799627304078
      ],
      973.3909759521484,
      1,
      1746756624.1942427,
      1746757597.5908585,
      {}
    ],
    [
      11,
      null,
      209652396,
      null,
      [
        0.16270997977584806,
        0.16135282039642335
      ],
      1470.6984641551971,
      1,
      1746757597.6416845,
      1746759068.3438687,
      {}
    ],
    [
      12,
      null,
      209652396,
      null,
      [
        0.24080952628856825,
        0.0
      ],
      328.121289730072,
      1,
      1746759068.3966944,
      1746759396.521842,
      {}
    ],
    [
      13,
      null,
      209652396,
      null,
      [
        0.16823803253443975,
        0.16578473091125487
      ],
      1142.265716791153,
      1,
      1746759396.5555415,
      1746760538.8233232,
      {}
    ],
    [
      14,
      null,
      209652396,
      null,
      [
        0.24080952628856825,
        1.9639730453491213e-06
      ],
      576.1428172588348,
      1,
      1746760539.846434,
      1746761115.9912565,
      {}
    ],
    [
      15,
      null,
      209652396,
      null,
      [
        0.4503304108094527,
        0.0
      ],
      228.014719247818,
      1,
      1746761116.024462,
      1746761344.0420253,
      {}
    ],
    [
      16,
      null,
      209652396,
      null,
      [
        0.24080952628856825,
        4.9677193164825436e-05
      ],
      577.3477675914764,
      1,
      1746761344.08553,
      1746761921.4366634,
      {}
    ],
    [
      17,
      null,
      209652396,
      null,
      [
        0.5512052157261738,
        0.0
      ],
      237.42824459075928,
      1,
      1746761921.473058,
      1746762158.9042184,
      {}
    ],
    [
      18,
      null,
      209652396,
      null,
      [
        0.24080952628856825,
        2.99602746963501e-06
      ],
      657.3519055843353,
      1,
      1746762158.9360306,
      1746762816.290823,
      {}
    ],
    [
      19,
      null,
      209652396,
      null,
      [
        0.24080952628856825,
        2.20218300819397e-05
      ],
      551.6164729595184,
      1,
      1746762816.3345582,
      1746763367.953087,
      {}
    ],
    [
      20,
      null,
      209652396,
      null,
      [
        0.1691284365685563,
        0.20947901964187624
      ],
      8687.901060342789,
      1,
      1746763367.9908762,
      1746772055.895276,
      {}
    ],
    [
      21,
      null,
      209652396,
      null,
      [
        0.1671019424013436,
        0.15848987102508544
      ],
      517.7379050254822,
      1,
      1746772055.9490926,
      1746772573.689864,
      {}
    ],
    [
      22,
      null,
      209652396,
      null,
      [
        0.24080952628856825,
        0.0
      ],
      494.4896297454834,
      1,
      1746772573.7354627,
      1746773068.2288544,
      {}
    ],
    [
      23,
      null,
      209652396,
      null,
      [
        0.24080952628856825,
        4.7385692596435556e-08
      ],
      2053.512950897217,
      1,
      1746773069.002898,
      1746775122.5178332,
      {}
    ],
    [
      24,
      null,
      209652396,
      null,
      [
        0.24080952628856825,
        3.618001937866211e-07
      ],
      1344.3474688529968,
      1,
      1746775122.5466428,
      1746776466.8962755,
      {}
    ],
    [
      25,
      null,
      209652396,
      null,
      [
        0.24080952628856825,
        1.1414289474487306e-07
      ],
      1525.8295984268188,
      1,
      1746776466.9317844,
      1746777992.7635233,
      {}
    ],
    [
      26,
      null,
      209652396,
      null,
      [
        0.24080952628856825,
        5.811452865600586e-08
      ],
      3253.2028596401215,
      1,
      1746777992.7748187,
      1746781245.979705,
      {}
    ],
    [
      27,
      null,
      209652396,
      null,
      [
        0.24080952628856825,
        4.202127456665039e-08
      ],
      6503.520365476608,
      1,
      1746781245.9918892,
      1746787749.5142748,
      {}
    ],
    [
      28,
      null,
      209652396,
      null,
      [
        0.24080952628856825,
        1.162290573120117e-07
      ],
      1693.8746373653412,
      1,
      1746787749.5247831,
      1746789443.4013581,
      {}
    ],
    [
      29,
      null,
      209652396,
      null,
      [
        0.24080952628856825,
        3.874301910400391e-08
      ],
      4623.831593990326,
      1,
      1746789443.4119544,
      1746794067.245611,
      {}
    ],
    [
      30,
      null,
      209652396,
      null,
      [
        0.1640305431473096,
        0.1729607105255127
      ],
      1920.0235528945923,
      1,
      1746794067.2951956,
      1746795987.320949,
      {}
    ]
  ],
  "configs": {
    "1": {
      "batch_size": 297,
      "lambda_value": 0.6205646954477,
      "learning_rate": 0.000210147218,
      "number_of_layers": 2,
      "number_of_neurons_per_layer": 697
    },
    "2": {
      "batch_size": 979,
      "lambda_value": 0.3596079321578,
      "learning_rate": 0.0535361448362,
      "number_of_layers": 4,
      "number_of_neurons_per_layer": 65
    },
    "3": {
      "batch_size": 652,
      "lambda_value": 0.7642785040662,
      "learning_rate": 0.0014379647071,
      "number_of_layers": 3,
      "number_of_neurons_per_layer": 136
    },
    "4": {
      "batch_size": 94,
      "lambda_value": 0.005704017356,
      "learning_rate": 0.0050831004951,
      "number_of_layers": 3,
      "number_of_neurons_per_layer": 339
    },
    "5": {
      "batch_size": 241,
      "lambda_value": 0.9708397453651,
      "learning_rate": 0.0329667406801,
      "number_of_layers": 4,
      "number_of_neurons_per_layer": 407
    },
    "6": {
      "batch_size": 622,