batch_size,lambda_value,learning_rate,number_of_layers,number_of_neurons_per_layer,1 - accuracy,demographic_parity
62,0.3818317948981,0.0042972583038,4,456,0.3371967323874455,0.000854887068271637
766,0.8645144427745,0.0002361502231,1,276,0.33426079479147475,0.001244492083787918
869,0.3577941791914,0.0001144897283,1,85,0.3338185615134206,0.0006033219397068024
65,0.4572054964111,0.0269030355547,3,150,0.31603095632946376,0.0009316110983490944
355,0.9137569290511,0.034912055568,1,196,0.32649100178121737,0.0011557362973690032
274,0.8391282420355,0.0007788324639,1,627,0.3369387629752472,0.0009005106985569
