batch_size,lambda_value,learning_rate,number_of_layers,number_of_neurons_per_layer,1 - accuracy,demographic_parity
242,0.5897873412338,0.0912677296139,2,140,0.24080952628856825,0.0
582,0.0387496336331,0.0003356147463,1,83,0.15014890838244133,0.09667977839708328
725,0.5275737085407,0.0962149393336,3,78,0.22576038623942818,0.0012946680188179016
917,0.2528729324812,0.0002112474838,2,84,0.15306646676407154,0.06667597740888595
969,0.8761484970123,0.0001388519526,5,167,0.16934376852041522,0.0014963671565055847
869,0.77296645531,0.0001596772071,1,80,0.16553535340960493,0.002383837103843689
206,0.7753899284209,0.0002830009296,1,756,0.1579497685785111,0.004360719025135041
206,0.7828227377671,0.0002829292427,1,756,0.15791897116747416,0.007800841331481933
193,0.7753899284209,0.0002830009296,1,756,0.15724341338113793,0.008012394607067107
