batch_size,lambda_value,learning_rate,number_of_layers,number_of_neurons_per_layer,1 - accuracy,equalized_odds
979,0.3596079321578,0.0535361448362,4,65,0.1553390855786065,0.1385403871536255
622,0.8568572314948,0.0607422460238,2,72,0.1698657023507323,0.133412047624588
822,0.9982338942063,0.0644237612142,5,72,0.24080952628856825,0.0
