batch_size,lambda_value,learning_rate,number_of_layers,number_of_neurons_per_layer,1 - accuracy,demographic_parity
355,0.9137569290511,0.034912055568,1,196,0.32241262821693994,0.0006081178784370422
387,0.8469855847131,0.0159663538365,1,871,0.3333333333333333,0.0003644928336143494
493,0.6414907887986,0.0751665791976,1,235,0.3174252195811068,0.0008252553641796112
85,0.5498388846059,0.0279389198285,4,74,0.31108654259566365,0.0011064499616622926
42,0.612889262045,0.0419915713539,1,229,0.3174129353233831,0.0009986646473407745
