batch_size,lambda_value,learning_rate,number_of_layers,number_of_neurons_per_layer,1 - accuracy,demographic_parity
582,0.0387496336331,0.0003356147463,1,83,0.14947484798231064,0.0947005420923233
900,0.4300912433377,0.0152683361273,5,574,0.2362262760272711,0.0
653,0.907507926069,0.0003239878634,3,593,0.16933235059271545,0.0036890611052513124
497,0.4323787825414,0.0004186695981,1,866,0.1565198697868681,0.047312276810407644
869,0.3577941791914,0.0001144897283,1,85,0.15435784042749212,0.05232289284467698
917,0.2528729324812,0.0002112474838,2,84,0.15092439039371044,0.07229329235851764
632,0.2859097380484,0.0213235547463,3,145,0.15233708003193908,0.07390933446586131
250,0.8994624964543,0.0004873648821,1,318,0.16194336957189365,0.0035725072026252746
246,0.8990778872725,0.0003065279425,3,601,0.1623917449788097,0.008163047581911087
