batch_size,lambda_value,learning_rate,number_of_layers,number_of_neurons_per_layer,1 - accuracy,demographic_parity
895,0.7897473442105,0.011623077444,1,411,0.08469300902892943,0.0003856477177143097
40,0.6748309344586,0.0216101868293,1,262,0.07854742092009091,0.00021766155481338503
51,0.6743427482514,0.0203488979235,4,182,inf,inf
571,0.1632290921883,0.0403526510329,1,155,0.08500141268963823,0.00015038228154182434
33,0.8406280162015,0.0043216314201,1,925,0.083287906148271,0.00039685669898986817
44,0.0105993407731,0.0059496031762,5,116,0.0844132817394509,0.00016475223064422607
355,0.9137569290511,0.034912055568,1,196,0.08164030219273999,0.00023406994223594665
