batch_size,lambda_value,learning_rate,number_of_layers,number_of_neurons_per_layer,1 - accuracy,equalized_odds
297,0.6205646954477,0.000210147218,2,697,0.012269140989224225,0.02350282881296042
217,0.6966025769503,0.0609459009151,5,409,0.4506123429120308,0.0
435,0.6182493089424,0.0313142741224,3,206,0.20686524994537484,0.015408689777056376
207,0.2229003504601,0.0599691835043,5,131,0.44657808372688707,0.007368919849395752
938,0.3360931890636,0.0001379058144,2,804,0.012477257534489583,0.023500791490077975
408,0.4048123128405,0.0001414676946,2,789,0.010397390106026938,0.02412965335629203
329,0.5671788034967,0.0001476928578,5,578,0.013932342652425888,0.02235923491644137
990,0.7090011210188,0.0076613295543,4,651,0.2935594203023964,0.010258136662569913
