batch_size,lambda_value,learning_rate,number_of_layers,number_of_neurons_per_layer,1 - accuracy,equalized_odds
597,0.4199483890762,0.0062957704128,3,1002,0.4506123429120308,0.0
778,0.2506317249814,0.0813899856966,1,324,0.2881585579816589,0.014602524042129517
435,0.6182493089424,0.0313142741224,3,206,0.41539175451766497,0.006320840716362
773,0.110822262306,0.0725285076943,3,109,0.3917992994996117,0.013370919227600097
173,0.7101351307562,0.0001156861736,2,802,0.01289305795029001,0.02331485375310435
173,0.720506843006,0.0001156861736,1,802,0.012268708314493938,0.02391369755520965
196,0.7233122810005,0.0001158420182,1,813,0.01185377324815411,0.02518076650120995
162,0.4785052444178,0.0001155460324,2,812,0.012685157742389786,0.023683688351602266
